zipcode,number
0,16
2,1
200,2
234,1
430,1
610,2
646,1
667,1
740,1
767,1
907,2
917,1
919,1
921,1
924,1
926,4
927,1
936,1
954,1
956,2
959,1
961,1
969,2
971,1
985,1
987,1
1001,1
1007,1
1014,1
1016,1
1033,1
1095,1
1106,1
1200,1
1202,1
1430,1
1460,1
1541,1
1543,1
1545,5
1581,1
1588,1
1590,1
1603,1
1604,1
1609,1
1701,1
1719,2
1720,8
1742,1
1748,1
1760,1
1772,1
1776,1
1810,2
1824,3
1845,1
1879,3
1886,1
1915,1
1944,1
1950,1
1971,1
2030,1
2048,1
2052,2
2053,1
2072,1
2101,1
2116,1
2120,1
2125,1
2130,1
2131,1
2135,4
2138,2
2140,1
2141,2
2142,1
2144,2
2170,1
2180,1
2184,1
2186,1
2420,3
2421,2
2445,1
2459,2
2460,1
2461,2
2465,1
2466,1
2467,2
2478,1
2492,1
2493,1
2631,1
2657,1
2667,1
2738,1
2800,1
2818,2
2831,1
2832,1
2835,1
2840,1
2852,1
2860,1
2879,1
2889,1
2891,1
3000,2
3001,3
3031,1
3049,2
3055,1
3060,1
3062,2
3063,1
3087,1
3100,1
3102,1
3217,1
3220,1
3245,1
3304,1
3400,2
3600,1
3824,1
3833,3
3908,1
4011,1
4015,1
4037,1
4043,1
4071,1
4105,1
4106,1
4116,1
4136,1
4210,1
4330,1
4401,1
4426,1
4456,1
4480,1
4536,1
4618,1
4694,1
4730,1
5001,1
5004,1
5005,3
5006,1
5400,1
5403,2
5410,1
5417,1
5452,1
5454,1
5468,1
5478,1
5565,1
5602,1
5647,1
5674,1
5707,1
5736,1
5819,2
6002,1
6010,1
6033,4
6074,1
6100,2
6110,1
6117,1
6120,1
6175,1
6246,1
6279,1
6290,1
6300,1
6339,1
6340,1
6355,2
6370,2
6385,1
6410,1
6413,2
6437,2
6440,1
6443,1
6450,1
6460,1
6461,1
6468,1
6473,1
6475,1
6500,3
6510,3
6512,1
6517,1
6520,2
6540,1
6550,3
6560,1
6565,1
6570,2
6611,2
6640,1
6660,1
6680,1
6790,1
6798,1
6804,2
6810,1
6820,1
6824,1
6830,1
6850,1
6855,1
6877,6
6880,4
6897,1
6903,2
6911,1
7002,1
7005,2
7006,1
7024,8
7029,1
7039,9
7040,3
7043,1
7045,2
7052,1
7054,3
7058,2
7059,2
7060,1
7078,1
7081,1
7082,1
7083,1
7090,1
7093,2
7095,1
7109,1
7204,1
7245,1
7275,1
7300,1
7310,1
7401,4
7405,1
7410,1
7417,1
7430,1
7450,1
7470,1
7481,3
7500,1
7512,1
7624,7
7626,1
7627,5
7628,1
7632,1
7640,2
7641,1
7645,1
7647,1
7648,2
7649,1
7650,4
7652,1
7660,1
7661,1
7670,2
7722,1
7726,2
7733,6
7738,1
7746,3
7748,1
7751,2
7753,1
7764,1
7830,1
7849,1
7852,1
7869,8
7871,1
7920,4
7922,1
7932,1
7933,1
7940,2
7945,1
7950,1
7960,2
7974,2
7976,1
8001,1
8003,6
8010,1
8012,1
8017,1
8024,1
8028,1
8029,1
8037,1
8043,1
8050,1
8051,1
8053,1
8054,1
8055,1
8056,1
8097,1
8232,1
8234,1
8502,3
8505,1
8510,1
8512,1
8520,2
8536,10
8540,10
8550,8
8600,2
8619,1
8701,1
8753,1
8807,1
8816,2
8817,2
8820,4
8824,1
8844,4
8852,1
8854,1
8857,1
8859,1
8869,1
8902,2
8903,1
8913,1
8918,1
9030,1
9063,1
9066,1
9077,1
9117,1
9139,1
9342,1
10000,5
10001,4
10002,10
10003,7
10004,5
10005,4
10006,9
10007,4
10008,17
10009,16
10010,9
10012,2
10014,1
10017,10
10023,1
10024,1
10028,1
10029,2
10036,3
10044,2
10050,1
10054,1
10055,1
10056,1
10064,1
10072,1
10074,1
10075,1
10077,1
10085,1
10087,1
10093,1
10100,1
10101,2
10110,6
10114,1
10120,1
10130,4
10150,2
10160,1
10170,1
10210,2
10220,4
10230,1
10234,1
10240,2
10250,8
10260,3
10305,1
10310,1
10312,1
10320,1
10330,1
10350,2
10366,1
10400,4
10462,1
10463,1
10469,1
10471,1
10488,1
10500,4
10506,1
10510,1
10514,1
10520,1
10530,1
10536,1
10540,1
10543,1
10566,1
10567,1
10576,1
10581,1
10583,2
10600,1
10606,1
10642,1
10653,2
10657,1
1065S,1
10665,1
10680,1
10700,3
10704,1
10720,2
10800,1
10900,1
10954,1
10956,1
10977,3
11000,13
11001,15
11002,7
11003,2
11004,5
11005,5
11006,5
11007,7
11008,5
11009,2
11010,1
11020,3
11021,1
11023,1
11024,1
11030,1
11040,4
11069,1
11070,1
11080,1
11084,1
11085,1
11102,1
11105,1
11111,2
11120,1
11140,1
11150,1
11159,1
11190,1
11195,1
11200,1
11203,1
11211,3
11214,1
11215,1
11217,1
11225,1
11226,1
11236,1
11248,1
11285,2
11300,1
11351,1
11354,1
11355,2
11356,2
11358,2
11361,3
11365,2
11366,1
11368,1
11372,1
11373,1
11374,1
11393,1
11413,1
11419,1
11421,2
11423,1
11440,1
11456,1
11500,1
11501,1
11507,1
11510,1
11520,3
11553,1
11557,1
11581,1
11590,2
11598,3
11600,2
11601,4
11602,1
11603,3
11610,4
11620,1
11630,2
11640,1
11645,1
11674,1
11687,1
11693,1
11694,1
11697,1
11700,2
11720,1
11725,1
11730,1
11741,1
11742,1
11743,1
11751,1
11756,1
11763,1
11769,1
11782,1
11790,1
11792,1
11797,1
11801,1
11803,2
11900,1
11946,1
11950,1
11960,1
12000,1
12011,1
12013,1
12020,1
12025,1
12043,1
12065,1
12089,1
12100,4
12110,1
12120,1
12127,1
12154,1
12159,1
12177,1
12200,8
12203,1
12220,1
12242,1
12260,2
12283,1
12300,1
12302,2
12309,1
12310,3
12311,1
12330,1
12400,1
12411,1
12419,1
12442,1
12508,1
12533,1
12538,1
12590,2
12603,1
12828,1
12840,1
12866,1
12950,1
13000,1
13016,1
13042,1
13057,2
13100,1
13104,2
13200,1
13209,1
13210,1
13215,1
13219,2
13278,1
13279,1
13291,1
13312,1
13340,1
134/7,1
13400,1
13410,2
13420,1
13470,1
13482,1
13487,1
13501,1
13508,1
13510,1
13511,4
13520,1
13523,2
13526,1
13527,3
13528,3
13550,1
13553,1
13577,2
13579,1
13580,2
13582,1
13583,2
13585,2
13588,1
13590,1
13595,1
13597,1
13603,1
13610,1
13650,1
13684,1
13685,1
13706,1
13707,2
13709,1
13727,1
13733,1
13777,3
13778,1
13780,1
13785,1
13786,1
13788,1
13790,1
13795,2
13805,2
13810,1
13820,1
13822,1
13824,1
13850,1
13860,1
13874,1
13876,1
13879,3
13887,1
13901,1
13905,1
13956,1
13969,1
13990,1
14000,5
14003,1
14019,1
14020,1
14051,1
14057,1
14085,1
14086,1
14089,1
14118,1
14123,1
14136,2
14150,1
14200,1
14204,2
14214,1
14220,1
14221,2
14226,1
14240,4
14250,1
14300,1
14322,1
14350,2
14358,1
14390,1
14414,2
14420,1
14428,2
14430,1
14450,4
14460,1
14487,2
14526,2
14534,2
14554,1
14561,1
14580,1
14623,1
14678,1
14738,1
14739,1
14781,1
14802,1
14803,1
14806,1
14819,1
14850,2
14867,1
15000,3
15001,2
15008,1
15009,4
15010,1
15014,1
15076,1
15085,1
15089,1
15090,1
15102,1
15108,1
15122,1
15143,1
15146,2
15150,1
15176,1
15179,1
15188,1
15200,1
15204,1
15220,1
15221,1
15227,1
15236,1
15238,1
15241,2
15243,2
15277,1
15288,1
15317,1
15417,1
15461,1
15500,1
15601,1
15602,1
15632,1
15650,1
15681,1
15701,1
15805,1
15807,4
15875,4
15882,1
15946,1
15977,1
16000,1
16001,4
16002,1
16005,1
16059,1
16130,1
16148,1
16365,1
16428,2
16506,1
16511,1
16538,1
16604,1
16668,1
16674,1
16801,1
17022,1
17032,1
17033,2
17036,2
17070,1
17102,1
17115,1
17201,1
17257,1
17325,1
17401,1
17412,1
17435,1
17456,1
17512,1
17543,1
17580,1
17837,1
17870,2
17901,1
18003,1
18017,1
18031,1
18040,1
18049,1
18069,1
18074,1
18088,1
18100,1
18103,1
18104,2
18120,1
18162,1
18301,1
18322,1
18326,1
18431,1
18436,1
18507,1
18708,1
18938,1
18942,1
18954,2
19008,1
19010,1
19025,1
19030,1
19038,1
19047,1
19063,1
19066,2
19067,1
19074,1
19087,1
19095,1
19096,1
19110,1
19111,2
19115,2
19119,1
19130,1
19131,2
19135,1
19139,1
19140,1
19149,1
19150,1
19152,1
19312,1
19335,2
19336,1
19341,1
19348,1
19357,1
19378,1
19380,2
19382,1
19390,1
19403,1
19406,1
19422,1
19446,1
19454,1
19465,1
19466,1
19500,1
19608,1
19638,1
19707,3
19709,1
19803,2
19809,1
19810,3
19922,1
20000,1
20001,1
20002,4
20003,10
20004,1
20005,12
20006,1
20007,5
20008,18
20009,3
20011,1
20012,8
20013,6
20014,1
20015,3
20016,1
20019,5
20020,2
20023,7
20027,1
20033,8
20036,1
20037,1
20043,6
20044,1
20081,1
20086,1
20100,4
20101,1
20110,14
20120,6
20121,1
20124,1
20130,9
20131,1
20141,2
20147,4
20148,1
20151,1
20152,2
20160,2
20161,2
20164,3
20170,3
20171,1
20180,1
20191,1
20249,1
20300,1
20447,1
20603,2
20632,1
20706,1
20712,1
20724,1
20735,1
20740,2
20744,2
20748,1
20759,1
20769,1
20772,1
20774,1
20782,1
20783,1
20784,1
20800,3
20801,1
20802,1
20814,1
20815,2
20817,1
20832,2
20833,1
20841,1
20850,2
20852,4
20854,13
20855,1
20866,1
20871,1
20874,5
20876,1
20878,17
20882,2
20886,2
20903,1
20904,3
20905,1
20906,1
20910,2
21000,14
21001,3
21002,3
21003,2
21014,1
21015,1
21029,3
21035,1
21042,1
21043,2
21044,2
21052,1
21070,1
21080,1
21093,3
21100,1
21104,1
21108,2
21110,2
21113,1
21114,1
21117,1
21128,1
21133,1
21154,1
21158,1
21200,2
21206,1
21212,1
21230,1
21234,1
21236,2
21244,1
21303,1
21320,1
21400,2
21422,1
21500,4
21502,1
21510,1
21530,1
21532,1
21540,1
21560,1
21601,1
21632,1
21677,1
21702,1
21704,1
21710,1
21711,1
21771,1
21784,1
21804,1
21815,1
21921,1
22003,6
22015,6
22030,3
22031,3
22032,1
22033,1
22041,1
22042,1
22043,3
22044,1
22063,1
22066,1
22072,1
22101,2
22102,6
22108,1
22120,1
22124,1
22130,1
22152,3
22153,2
22157,1
22181,3
22182,2
22191,1
22192,2
22193,1
22200,2
22201,3
22202,1
22203,3
22207,1
22209,2
22300,1
22304,1
22310,3
22314,3
22315,1
22352,1
22372,1
22407,1
22417,1
22420,2
22460,1
22500,3
22526,1
22551,1
22554,1
22560,1
22600,4
22601,3
22602,3
22644,1
22661,1
22795,1
22974,1
23000,2
23001,1
23002,1
23005,1
23006,2
23059,1
23061,1
23084,1
23113,1
23146,1
23147,1
23150,1
23220,1
23228,1
23231,1
23235,1
23322,2
23435,2
23444,1
23447,1
23455,1
23462,1
23527,1
23605,1
23661,1
23665,1
23693,1
23831,1
23878,1
23901,1
23922,1
24017,1
24018,1
24019,1
24060,3
24091,1
24100,3
24118,2
24141,1
24242,1
24249,1
24300,2
24400,1
24426,1
24503,1
24590,1
24630,1
24700,1
24800,4
24811,1
24836,1
24986,1
25000,3
25001,1
25002,1
25010,1
25100,1
25110,1
25177,1
25250,2
25271,1
25281,1
25330,1
25419,1
25436,1
25500,1
25548,1
25630,1
25640,1
25660,1
25700,1
25823,1
25932,1
2611C,1
2613E,1
26280,1
26293,1
26330,3
26400,2
26508,1
26537,1
26542,2
26600,2
26607,2
26610,1
26655,1
26783,1
26980,1
27000,1
27055,1
27101,2
27106,2
27200,1
27214,2
27278,1
27302,1
27403,1
27410,3
27502,1
27513,3
27514,2
27518,1
27519,3
27526,2
27529,1
27539,1
27560,1
27571,2
27587,1
27603,2
27604,2
27606,2
27609,1
27613,2
27615,2
27630,1
27695,1
27700,1
27707,3
27744,1
27750,2
27801,1
27812,1
27822,1
27863,1
27864,1
27942,1
27954,1
28002,1
28040,1
28079,1
28110,1
28115,1
28116,1
28164,1
28202,1
28207,1
28211,1
28215,1
28262,1
28270,2
28277,1
28312,1
28352,1
28383,1
28409,1
28472,1
28501,1
28655,1
28681,1
28715,1
28748,1
28756,1
28804,3
28843,1
29000,1
29016,1
29029,1
29065,1
29072,1
29150,2
29161,1
29209,1
29212,1
29223,1
29307,1
29369,1
29403,1
29414,1
29445,1
29464,1
29466,1
29556,1
29566,1
29575,1
29605,2
29615,1
29621,1
29631,1
29643,1
29650,1
29681,1
29683,1
29708,2
29803,1
29907,1
29994,1
30000,2
30002,2
30005,1
30007,2
30009,1
30012,1
30013,2
30014,1
30018,1
30019,4
30021,1
30022,5
30024,4
30031,1
30033,1
30034,1
30040,1
30043,2
30045,2
30047,3
30057,1
30062,4
30068,3
30071,1
30072,1
30075,1
30079,1
30082,1
30092,2
30094,2
30096,2
30097,2
30101,2
30121,1
30122,1
30152,1
30178,1
30180,1
30190,1
30200,3
30201,1
30202,2
30213,1
30214,1
30236,1
30248,1
30252,1
30268,1
30273,1
30285,1
30296,1
30306,1
30311,1
30316,1
30319,1
30329,2
30331,1
30338,1
30340,1
30341,3
30350,1
30458,1
30518,1
30519,1
30534,2
30540,1
30606,2
30677,1
30817,1
30844,1
30890,1
30961,1
30980,1
31000,5
31001,6
31005,1
31025,1
31069,1
31088,1
31100,2
31124,1
31140,2
31150,1
31200,1
31204,1
31211,1
31270,1
31300,1
31310,2
31311,2
31339,1
31405,1
31410,1
31411,1
31420,1
31510,1
31520,1
31530,1
31531,1
31540,3
31560,2
31579,1
31650,2
31700,1
31792,1
31800,1
31802,1
31803,1
31907,2
32068,1
32071,1
32082,1
32092,1
32097,2
32100,1
32102,1
32120,1
32174,2
32200,2
32208,1
32210,1
32216,1
32277,2
32304,1
32308,1
32309,2
32340,1
32344,1
32400,2
32500,2
32533,1
32543,1
32547,1
32560,1
32563,1
32605,1
32607,1
32641,1
32666,1
32712,1
32746,1
32751,1
32759,1
32800,1
32814,1
32817,1
32828,2
32836,1
32837,2
32903,2
32904,1
32905,1
32934,1
32952,1
32953,1
32968,1
33000,2
33002,1
33005,1
33021,2
33026,2
33029,2
33032,1
33053,1
33065,1
33071,1
33076,2
33102,1
33131,1
33145,1
33146,1
33149,2
33155,2
33156,2
33157,2
33168,1
33169,1
33173,1
33175,1
33178,1
33186,2
33187,1
33189,1
33196,1
33204,1
33312,1
33314,1
33322,1
33327,1
33328,1
33330,1
33331,1
33332,1
33400,2
33411,1
33414,2
33417,1
33418,1
33428,1
33433,1
33436,1
33455,1
33458,1
33483,1
33486,1
33496,1
33510,1
33511,1
33542,1
33543,1
33547,1
33548,1
33549,1
33556,4
33572,1
33580,1
33584,1
33596,1
33600,1
33613,1
33624,1
33625,1
33629,1
33647,1
33700,1
33704,1
33805,1
33812,1
33850,1
33912,1
33919,1
34000,1
34030,1
34100,2
34110,1
34135,1
34149,1
34158,1
34203,1
34209,1
34220,1
34223,1
34238,1
34241,1
34242,1
34285,1
34287,1
34326,1
34330,2
34335,1
34347,1
34349,1
34367,1
34380,1
34410,2
34450,1
34457,1
34639,1
34655,1
34689,1
34718,1
34728,1
34738,1
34747,1
34748,1
34762,1
34771,1
34779,1
34800,1
34841,1
34990,1
35000,4
35001,1
35020,2
35022,2
35125,1
35146,1
35170,1
35205,1
35216,1
35243,1
35244,1
35290,2
35310,1
35350,1
35401,1
35475,1
35500,1
35576,1
35749,1
35801,1
35803,1
36000,1
36022,2
36087,1
36100,4
36101,1
36102,1
36107,1
36110,1
36117,3
36230,1
36273,1
36908,1
36939,1
37000,1
37013,1
37027,5
37052,1
37066,1
37069,3
37075,1
37076,1
37122,1
37135,1
37203,1
37215,2
37220,1
37221,1
37311,1
37334,1
37363,1
37388,1
37404,1
37503,1
37601,1
37620,1
37660,1
37714,1
37743,1
37830,1
37874,1
37917,1
37922,1
37932,1
37934,1
38000,8
38003,1
38007,1
38017,8
38018,1
38020,1
38060,1
38104,1
38111,1
38117,1
38120,2
38138,3
38139,3
38202,3
38237,1
38240,1
38305,2
38379,1
38501,1
38506,1
38663,1
38668,1
39000,2
39002,1
39110,3
39208,1
39211,1
39320,1
39401,1
39500,1
39503,1
39666,2
39759,2
39760,1
40000,11
40001,7
40002,14
40003,7
40004,3
40005,19
40006,10
40007,8
40008,3
40009,3
40010,1
40026,1
40031,1
40059,2
40060,7
40070,4
40100,1
40111,1
40136,1
40150,2
40154,1
40160,1
40205,2
40212,1
40214,1
40218,1
40220,2
40222,1
40223,2
40229,1
40241,4
40242,1
40245,1
40299,1
40300,1
40347,1
40350,1
40351,1
40356,1
40360,1
40377,1
40383,2
40475,1
40502,1
40513,3
40514,1
40515,1
40520,1
40677,1
40679,1
40704,1
40861,1
41000,7
41001,2
41004,1
41007,1
41017,2
41020,1
41021,1
41030,1
41042,1
41075,3
41091,1
41100,7
41103,4
41110,1
41122,1
41132,1
41135,1
41156,1
41200,1
41227,1
41230,1
41261,1
41341,1
41411,1
41540,1
41564,1
41577,1
41600,1
41641,1
41800,1
41899,1
41980,1
42002,1
42003,3
42050,1
42071,1
42072,1
42083,1
42101,1
42104,1
42120,1
42150,1
42200,1
42256,1
42300,1
42303,1
42340,2
42347,1
42372,1
42420,3
42431,1
42529,1
42560,1
42579,1
42633,1
42700,1
42701,1
42705,1
42945,1
42976,1
43000,6
43001,1
43003,1
43005,1
43007,4
43010,1
43015,1
43016,3
43017,4
43026,1
43035,1
43054,2
43068,1
43072,1
43080,1
43081,4
43100,2
43107,1
43121,1
43130,1
43154,1
43160,1
43170,1
43201,1
43202,2
43209,4
43210,1
43214,1
43220,1
43221,4
43224,1
43232,1
43235,1
43300,1
43302,1
43400,1
43402,1
43420,1
43430,1
43437,1
43500,1
43504,1
43506,1
43515,1
43528,1
43537,1
43542,1
43551,2
43558,1
43560,1
43571,1
43605,1
43650,5
43674,1
43682,1
43688,1
43790,1
43834,1
43840,1
43850,1
43947,1
43952,1
43962,1
43995,1
44000,10
44002,2
44004,1
44017,1
44024,1
44026,1
44030,1
44044,1
44060,1
44070,2
44077,1
44081,1
44087,1
44092,1
44100,1
44105,1
44106,1
44107,1
44110,1
44116,3
44118,1
44119,1
44122,1
44124,2
44125,1
44132,1
44133,1
44136,1
44139,1
44141,1
44142,1
44146,1
44147,1
44207,1
44217,1
44224,1
44227,1
44234,1
44236,3
44256,2
44266,1
44281,1
44282,1
44300,1
44301,1
44319,1
44321,1
44373,1
44484,1
44511,1
44595,1
44601,1
44643,1
44646,2
44647,1
44691,2
44708,1
44721,1
44805,1
44839,1
44853,1
44857,1
44878,1
44890,2
44906,1
45000,3
45005,1
45011,2
45013,3
45014,1
45020,1
45030,1
45038,1
45039,1
45040,5
45042,1
45044,2
45056,1
45066,1
45069,6
45140,6
45148,1
45150,1
45174,2
45200,1
45208,3
45213,1
45215,3
45224,1
45227,1
45230,1
45231,1
45236,2
45237,2
45241,5
45242,5
45243,5
45244,1
45246,1
45247,2
45249,6
45251,1
45252,1
45255,2
45264,1
45300,1
45305,1
45315,1
45331,2
45346,1
45373,1
45419,1
45424,3
45429,1
45431,1
45434,1
45440,1
45458,1
45459,1
45498,1
45601,2
45611,1
45682,1
45701,1
45732,1
45822,1
45840,1
45891,1
46000,1
46004,1
46009,1
46010,1
46011,1
46012,1
46017,1
46020,1
46032,5
46033,3
46037,1
46038,1
46049,1
46050,1
46055,1
46062,2
46077,1
46100,1
46112,2
46113,1
46122,1
46123,1
46142,1
46143,3
46168,1
46201,1
46202,1
46218,1
46220,1
46224,2
46227,2
46228,1
46236,4
46239,1
46250,1
46254,1
46256,2
46260,2
46301,3
46304,1
46305,1
46306,1
46307,5
46308,1
46311,2
46320,1
46322,2
46323,1
46324,2
46342,1
46347,1
46350,3
46360,1
46366,1
46373,2
46375,3
46377,1
46381,1
46382,1
46383,3
46384,1
46385,3
46386,1
46392,3
46394,1
46400,1
46404,1
46410,1
46446,1
46514,1
46524,1
46530,2
46545,2
46555,1
46567,1
46580,1
46613,1
46614,3
46617,1
46633,1
46783,1
46803,1
46805,2
46815,1
46835,1
46845,3
46902,1
46952,1
46979,1
46997,1
47000,1
47006,1
47007,1
47013,1
47100,1
47120,1
47170,1
47201,2
47203,1
47274,2
47300,2
47301,1
47334,1
47355,1
47400,2
47401,5
47402,1
47424,1
47429,1
47500,2
47533,1
47546,1
47578,1
47600,1
47613,1
47629,1
47630,2
47710,1
47711,1
47714,1
47715,1
47720,2
47725,1
47802,2
47803,2
47810,2
47834,1
47901,1
47905,2
47906,2
47960,1
47978,1
47987,1
48000,1
48001,1
48006,1
48009,2
48021,1
48025,1
48033,1
48038,1
48042,1
48047,2
48060,1
48065,1
48070,1
48074,1
48076,2
48084,1
48085,1
48098,2
48103,1
48104,3
48105,3
48108,1
48116,1
48122,1
48127,1
48154,2
48162,1
48170,1
48174,1
48187,2
48198,1
48200,1
48202,1
48221,2
48225,1
48230,1
48240,1
48301,2
48302,2
48304,2
48306,3
48309,3
48310,1
48312,1
48315,2
48316,1
48322,1
48323,1
48324,1
48334,2
48335,1
48348,2
48350,1
48360,1
48374,3
48375,2
48393,1
48430,1
48442,1
48458,1
48640,1
48642,3
48657,1
48706,1
48732,1
48739,1
48800,1
48801,1
48823,3
48843,2
48854,1
48864,1
48910,1
48928,1
48960,2
49000,1
49004,1
49008,1
49009,1
49015,2
49017,1
49024,3
49053,1
49057,1
49064,1
49079,1
49085,1
49093,1
49224,1
49240,1
49242,1
49246,1
49267,1
49270,1
49301,3
49307,2
49315,1
49330,1
49355,1
49417,2
49418,1
49423,1
49424,5
49428,1
49454,1
49455,2
49461,1
49464,1
49500,1
49506,1
49507,1
49508,1
49512,1
49546,4
49601,1
49621,1
49726,1
49735,1
49770,1
49837,1
49849,1
49925,1
49931,1
50000,1
50001,4
50002,5
50003,15
50004,2
50005,1
50007,1
50014,3
50033,1
50036,2
50071,1
50112,1
50125,1
50131,2
50200,1
50203,1
50210,1
50263,3
50265,4
50273,1
50300,1
50310,2
50311,1
50315,1
50320,1
50322,3
50468,1
50480,1
50490,2
50520,1
50532,1
50563,1
50600,1
50613,5
50616,1
50624,1
50646,1
50659,1
50662,1
50678,1
50701,1
50702,2
50707,1
50973,1
51000,1
51003,1
51005,1
51009,1
51010,2
51011,1
51018,1
51023,1
51030,2
51036,1
51044,1
51050,1
51062,2
51063,1
51065,1
51072,1
51098,1
51140,2
51151,1
51200,1
51238,1
51301,1
51341,1
51500,1
51503,1
51504,1
51536,1
51617,1
51636,1
51668,1
51800,4
51802,2
51803,6
51804,3
51805,3
51806,4
51808,1
51810,1
51871,1
51900,1
51901,1
51902,1
52022,1
52025,1
52027,1
52031,1
52032,1
52041,1
52085,1
52100,3
52101,2
52117,1
52227,1
52240,1
52241,2
52245,5
52246,5
52249,1
52302,4
52314,2
52317,1
52322,1
52327,1
52402,4
52412,1
52423,1
52540,1
52601,2
52627,1
52637,1
52641,1
52653,1
52722,8
52732,1
52742,1
52756,1
52761,1
52763,1
52776,1
52800,3
52803,3
52807,1
52830,1
52879,1
52900,1
52970,1
52986,1
53000,2
53001,1
53005,2
53017,1
53018,1
53024,1
53027,1
53029,1
53038,1
53051,3
53063,1
53066,1
53072,1
53074,1
53080,1
53083,2
53092,1
53093,1
53094,1
53098,1
53100,1
53118,1
53121,2
53129,1
53142,2
53149,1
53154,1
53172,1
53179,1
53186,1
53188,1
53202,1
53209,1
53211,1
53213,1
53217,3
53224,1
53226,1
53228,1
53235,1
53300,1
53325,1
53340,1
53379,1
53402,1
53403,1
53511,1
53523,1
53527,1
53545,1
53558,1
53562,5
53572,1
53574,1
53575,1
53590,1
53593,2
53623,1
53703,1
53704,2
53711,1
53717,2
53807,1
53810,1
53818,1
53913,1
53916,2
53956,1
54000,3
54016,1
54028,1
54058,1
54100,1
54102,1
54113,1
54115,1
54130,1
54136,1
54150,1
54165,1
54208,1
54212,1
54235,1
54301,2
54311,2
54313,3
54403,1
54473,1
54481,1
54581,1
54590,1
54600,1
54601,4
54614,1
54646,1
54650,1
54658,1
54667,1
54700,1
54701,2
54703,1
54729,2
54763,1
54789,1
54792,1
54888,1
54890,1
54913,1
54935,1
54956,1
55000,3
55001,1
55010,1
55013,1
55038,2
55044,2
55057,2
55060,1
55066,1
55076,1
55077,2
55082,1
55100,2
55104,1
55105,2
55106,1
55107,1
55109,1
55112,1
55113,1
55118,2
55119,1
55122,1
55123,1
55125,3
55126,3
55127,1
55128,1
55129,1
55304,1
55305,1
55306,1
55311,3
55316,2
55319,1
55331,1
55340,2
55345,2
55346,2
55347,4
55350,1
55356,1
55359,1
55375,1
55404,1
55407,1
55408,1
55410,2
55411,2
55414,1
55416,2
55417,1
55420,1
55421,1
55426,2
55431,1
55433,1
55435,1
55436,1
55441,1
55442,1
55444,1
55447,1
55525,1
55604,1
55746,1
55901,1
55902,3
55906,1
55956,1
55987,4
56000,3
56001,6
56002,3
56003,3
56004,2
56005,3
56006,3
56007,4
56008,6
56009,1
56010,1
56017,1
56031,1
56043,2
56071,1
56100,1
56124,1
56267,1
56301,1
56308,1
56345,1
56400,1
56537,1
56573,1
56900,1
57000,3
57006,1
57011,1
57013,1
57016,1
57049,1
57070,1
57082,1
57106,1
57125,1
57133,1
57140,1
57320,1
57334,1
57432,1
57500,1
57701,2
57780,1
58022,1
58104,1
58201,2
58208,1
58501,1
58540,1
58796,1
58797,1
58817,1
58899,1
59106,1
59220,1
59400,1
59405,1
59420,1
59480,1
59629,1
59671,1
59715,1
59763,1
59801,2
59874,1
60000,6
60001,7
60002,38
60003,4
60004,301
60005,121
60007,170
60008,64
60009,3
60010,275
60011,2
60012,59
60013,103
60014,178
60015,232
60016,136
60017,1
60018,75
60020,4
60021,19
60022,39
60025,219
60026,111
60029,3
60030,141
60031,170
60033,19
60034,1
60035,206
60039,1
60040,14
60041,16
60042,15
60043,7
60044,43
60045,105
60046,74
60047,285
60048,199
60050,58
60051,56
60053,96
60056,208
60060,135
60061,137
60062,294
60064,6
60067,227
60068,232
60069,45
60070,51
60071,10
60072,2
60073,47
60074,121
60076,196
60077,105
60078,1
60081,31
60083,22
60084,42
60085,37
60087,29
60089,403
60090,109
60091,167
60093,65
60096,7
60097,10
60098,80
60099,19
60101,65
60102,92
60103,149
60104,22
60106,28
60107,77
60108,103
60110,22
60112,7
60115,77
60118,53
60119,21
60120,37
60123,60
60124,47
60126,209
60130,21
60131,21
60133,62
60134,120
60135,11
60136,10
60137,202
60139,48
60140,16
60142,25
60143,30
60145,4
60146,3
60147,2
60148,185
60150,4
60151,16
60152,17
60153,11
60154,45
60155,11
60156,41
60157,9
60160,17
60162,7
60163,4
60164,22
60168,1
60169,108
60171,12
60172,108
60173,51
60174,124
60175,116
60176,12
60177,42
60178,43
60180,1
60181,58
60184,13
60185,55
60187,91
60188,193
60189,224
60190,73
60191,33
60192,121
60193,166
60194,80
60195,7
60201,76
60202,76
60203,26
60293,1
60297,1
60301,3
60302,123
60304,70
60305,65
60401,25
60402,60
60403,18
60404,59
60405,1
60406,32
60407,1
60408,3
60409,39
60410,34
60411,59
60415,15
60416,17
60417,36
60419,28
60420,4
60421,9
60422,84
60423,142
60424,3
60425,29
60426,17
60428,10
60429,31
60430,84
60431,41
60432,8
60433,15
60435,56
60436,11
60437,1
60438,43
60439,112
60440,94
60441,55
60442,30
60443,61
60444,2
60445,34
60446,44
60447,30
60448,101
60449,8
60450,61
60451,135
60452,75
60453,160
60454,1
60455,13
60456,2
60457,34
60458,16
60459,44
60460,3
60461,19
60462,222
60463,100
60464,87
60465,45
60466,56
60467,184
60468,21
60469,4
60470,2
60471,33
60472,8
60473,56
60474,1
60475,5
60476,2
60477,112
60478,28
60479,3
60480,23
60481,31
60482,14
60487,114
60490,59
60491,145
60501,15
60502,57
60503,15
60504,92
60505,18
60506,74
60510,107
60511,5
60512,1
60513,51
60514,50
60515,150
60516,158
60517,103
60518,5
60520,10
60521,90
60523,66
60525,153
60526,62
60527,149
60531,3
60532,146
60534,10
60537,1
60538,30
60540,304
60541,4
60542,21
60543,103
60544,43
60545,11
60546,74
60548,7
60549,2
60550,3
60551,4
60552,5
60553,1
60554,38
60555,43
60556,2
60558,106
60559,82
60560,39
60561,145
60563,161
60564,264
60565,362
60567,1
60585,43
60586,76
60601,9
60602,2
60605,22
60606,2
60607,32
60608,123
60609,58
60610,26
60611,15
60612,28
60613,43
60614,65
60615,53
60616,176
60617,101
60618,77
60619,74
60620,69
60621,17
60622,40
60623,75
60624,16
60625,95
60626,44
60628,75
60629,110
60630,110
60631,105
60632,97
60633,15
60634,115
60636,22
60637,31
60638,82
60639,49
60640,71
60641,83
60642,14
60643,168
60644,31
60645,97
60646,120
60647,51
60649,43
60651,39
60652,82
60653,22
60654,8
60655,98
60656,62
60657,47
60659,70
60660,54
60661,6
60664,1
60675,1
60680,1
60690,2
60706,45
60707,72
60712,84
60714,99
60803,31
60804,57
60805,90
60827,17
60901,37
60911,5
60913,3
60914,87
60915,12
60917,5
60918,3
60919,2
60921,6
60922,7
60924,7
60927,6
60928,2
60929,4
60930,2
60931,2
60932,1
60935,1
60936,10
60938,7
60940,8
60941,8
60942,6
60945,1
60946,3
60948,6
60949,1
60950,16
60951,4
60953,10
60954,6
60955,7
60957,33
60959,5
60960,1
60961,5
60963,6
60964,4
60966,6
60968,2
60970,14
60974,1
60978,1
60980,1
61000,3
61001,2
61002,1
61003,1
61004,5
61005,5
61006,5
61008,58
61010,24
61011,7
61013,2
61014,3
61015,2
61016,13
61019,1
61020,2
61021,42
61024,5
61025,1
61028,2
61030,1
61031,1
61032,58
61036,4
61038,2
61039,1
61041,1
61046,4
61047,2
61048,9
61049,2
61051,5
61054,3
61060,1
61061,15
61062,2
61063,3
61064,9
61065,10
61068,20
61071,4
61072,19
61073,52
61074,1
61075,1
61078,2
61080,7
61081,19
61084,3
61085,7
61087,1
61088,11
61101,10
61102,10
61103,29
61104,5
61107,80
61108,32
61109,15
61111,22
61113,1
61114,78
61115,11
61121,1
61123,1
61182,1
61201,37
61230,1
61231,6
61232,1
61233,2
61234,5
61235,2
61238,12
61239,1
61240,13
61241,2
61244,26
61250,5
61252,7
61254,41
61256,6
61257,1
61259,2
61261,2
61264,12
61265,63
61270,6
61272,1
61273,12
61275,14
61277,7
61278,2
61279,1
61281,5
61282,6
61283,1
61284,3
61301,13
61310,8
61314,2
61315,1
61317,1
61318,2
61319,1
61320,1
61322,2
61325,1
61326,9
61327,1
61329,2
61330,3
61333,3
61335,1
61341,7
61342,13
61348,5
61349,2
61350,52
61353,1
61354,29
61356,40
61358,2
61360,2
61361,4
61362,6
61364,27
61367,5
61368,2
61369,1
61370,2
61373,5
61375,1
61376,6
61377,4
61378,2
61379,4
61400,2
61401,40
61410,2
61411,1
61412,1
61413,3
61414,4
61415,9
61417,1
61419,1
61420,2
61421,3
61422,4
61423,3
61427,3
61428,3
61430,2
61431,1
61432,1
61434,7
61436,2
61438,2
61440,3
61441,3
61443,15
61447,1
61448,8
61449,1
61451,1
61452,1
61453,1
61454,1
61455,45
61459,1
61460,1
61462,16
61465,1
61466,1
61467,2
61469,1
61470,1
61473,2
61475,1
61478,2
61479,1
61480,1
61482,1
61483,1
61484,2
61485,2
61486,4
61488,4
61489,2
61490,9
61491,3
61501,1
61512,1
61516,2
61517,8
61520,17
61523,28
61524,1
61525,52
61526,2
61528,9
61529,6
61530,8
61531,4
61533,3
61534,7
61535,5
61536,8
61537,9
61540,7
61542,2
61543,1
61544,1
61546,6
61547,6
61548,40
61550,81
61554,68
61559,5
61560,4
61561,8
61564,1
61565,3
61568,9
61569,4
61570,2
61571,43
61572,1
61603,11
61604,31
61605,5
61606,4
61607,11
61610,2
61611,33
61614,113
61615,104
61616,10
61656,1
61678,1
61701,53
61704,186
61705,44
61721,1
61722,5
61723,5
61724,4
61725,4
61726,8
61727,16
61728,4
61729,1
61731,1
61732,8
61733,1
61734,9
61735,1
61736,4
61737,2
61738,7
61739,20
61740,5
61741,4
61742,4
61743,1
61744,3
61745,13
61747,3
61748,14
61749,1
61752,11
61753,13
61754,2
61755,8
61756,4
61759,3
61760,5
61761,95
61764,30
61769,3
61770,1
61771,1
61773,3
61774,3
61775,1
61776,4
61777,1
61801,1732
61802,550
61803,6
61808,1
61810,2
61812,4
61813,8
61814,2
61817,8
61818,1
61820,1374
61821,882
61822,672
61824,1
61825,15
61826,4
61830,3
61832,71
61834,21
61839,4
61840,8
61841,4
61842,8
61843,14
61844,6
61845,2
61846,7
61847,2
61849,17
61850,1
61852,4
61853,164
61854,10
61856,73
61858,11
61859,6
61862,5
61863,2
61864,18
61866,61
61870,3
61871,1
61872,2
61873,46
61874,331
61875,8
61876,7
61877,16
61878,10
61880,33
61883,9
61884,21
61910,11
61911,6
61912,1
61913,4
61914,5
61917,2
61919,1
61920,64
61924,5
61925,1
61928,1
61929,1
61931,3
61933,2
61937,2
61938,50
61942,7
61943,2
61944,24
61949,3
61951,25
61953,26
61956,9
61957,3
62001,6
62002,34
62009,1
62010,13
62012,12
62014,1
62016,9
62017,1
62018,1
62021,2
62024,5
62025,83
62032,1
62033,4
62034,31
62035,28
62040,16
62044,3
62045,1
62047,1
62049,6
62051,1
62052,8
62054,3
62056,17
62058,1
62059,1
62060,3
62061,1
62062,8
62067,4
62074,1
62075,2
62080,1
62082,5
62083,1
62088,9
62091,1
62092,1
62095,2
62097,2
62170,1
62191,1
62201,1
62203,1
62204,2
62205,4
62206,7
62207,2
62208,20
62214,5
62216,6
62218,2
62219,1
62220,29
62221,36
62222,1
62223,24
62225,1
62226,43
62230,6
62231,19
62232,2
62233,7
62234,32
62236,24
62239,2
62240,1
62241,2
62243,13
62244,2
62245,7
62246,6
62249,37
62254,6
62255,1
62256,1
62257,5
62258,10
62260,17
62263,4
62264,3
62265,5
62268,2
62269,86
62271,5
62272,1
62274,7
62275,6
62278,5
62281,1
62284,2
62285,9
62286,7
62288,2
62289,1
62293,4
62294,27
62295,5
62298,41
62301,45
62305,48
62311,1
62312,3
62313,2
62314,4
62316,1
62320,5
62321,9
62324,1
62325,2
62326,9
62336,1
62338,2
62339,4
62340,1
62341,3
62343,4
62344,1
62347,7
62349,1
62351,3
62353,10
62354,4
62355,1
62356,1
62362,1
62363,7
62365,1
62366,2
62367,1
62373,1
62374,1
62376,1
62378,2
62379,2
62380,1
62401,44
62410,2
62411,8
62414,6
62417,2
62420,6
62423,1
62424,8
62425,1
62426,2
62427,3
62428,3
62432,2
62436,3
62439,12
62440,1
62441,6
62443,4
62445,4
62447,4
62448,12
62449,3
62450,16
62451,4
62454,23
62458,3
62460,1
62461,3
62462,4
62463,4
62466,1
62467,16
62468,2
62471,1
62473,1
62475,1
62476,1
62477,1
62478,1
62479,1
62480,1
62481,2
62501,7
62510,4
62512,5
62513,7
62514,1
62515,3
62520,4
62521,70
62522,27
62523,1
62526,65
62530,3
62531,2
62533,1
62534,1
62535,16
62536,2
62537,1
62538,1
62539,6
62540,1
62544,1
62545,2
62546,1
62548,11
62549,25
62550,12
62551,3
62554,2
62555,2
62556,4
62557,5
62558,8
62560,3
62561,7
62563,36
62565,7
62567,5
62568,33
62573,3
62601,1
62611,6
62612,2
62613,8
62615,8
62618,13
62621,2
62625,6
62626,11
62627,1
62628,1
62629,36
62633,4
62634,1
62635,4
62638,1
62639,1
62640,2
62642,2
62643,2
62644,9
62650,43
62651,1
62655,2
62656,15
62661,3
62664,9
62666,3
62668,2
62670,4
62674,1
62675,14
62677,6
62681,12
62682,1
62684,7
62685,2
62690,2
62691,6
62692,2
62693,4
62694,10
62701,1
62702,48
62703,24
62704,121
62707,15
62711,95
62712,41
62801,11
62803,1
62806,6
62807,1
62808,2
62810,1
62812,6
62821,12
62822,2
62823,2
62827,3
62828,2
62831,1
62832,7
62833,1
62836,1
62837,11
62838,3
62839,4
62842,1
62853,1
62858,2
62859,1
62862,1
62863,12
62864,22
62868,2
62869,2
62870,1
62880,1
62881,11
62883,1
62884,1
62886,1
62896,4
62897,2
62898,4
62899,2
62901,17
62902,6
62903,4
62905,3
62906,5
62907,1
62908,1
62914,1
62918,15
62922,2
62924,2
62930,4
62935,1
62939,1
62941,1
62943,1
62946,8
62948,13
62949,1
62951,1
62958,7
62959,20
62960,8
62964,1
62966,11
62972,1
62982,1
62985,2
62988,1
62992,1
63000,1
63005,9
63010,2
63011,14
63013,1
63017,21
63020,1
63021,12
63025,1
63026,3
63028,1
63031,2
63034,1
63038,1
63043,3
63044,1
63051,1
63069,1
63084,1
63090,1
63105,5
63108,3
63109,2
63110,1
63112,2
63114,2
63115,1
63117,2
63119,6
63122,10
63123,4
63124,7
63125,1
63126,2
63128,5
63129,12
63130,3
63131,9
63132,3
63139,5
63141,9
63146,5
63300,1
63301,4
63303,3
63304,1
63347,1
63357,1
63362,1
63366,1
63367,1
63368,3
63376,4
63379,1
63385,2
63510,1
63552,1
63580,1
63640,1
63700,1
63701,1
63775,2
63932,1
63933,1
63964,1
64015,1
64030,1
64047,1
64055,1
64056,1
64063,1
64068,1
64079,1
64081,3
64093,1
64101,1
64110,1
64112,1
64113,1
64118,1
64119,1
64124,1
64131,2
64152,4
64155,1
64157,1
64194,1
64283,1
64285,1
64289,1
64291,1
64301,1
64367,1
64515,1
64600,1
64630,1
64740,1
64886,1
64962,1
64992,1
65000,1
65001,1
65010,1
65011,1
65020,1
65021,1
65022,1
65031,1
65201,1
65203,9
65239,1
65251,1
65265,1
65302,1
65401,2
65584,1
65648,1
65704,1
65714,1
65775,1
65807,1
65809,1
65812,1
66020,1
66025,1
66032,1
66044,1
66046,1
66047,4
66048,2
66049,1
66062,4
66100,1
66109,3
66202,1
66205,1
66207,2
66208,1
66209,3
66213,6
66219,1
66220,1
66221,2
66223,4
66224,2
66230,1
66409,1
66503,1
66701,1
66958,1
66962,1
67000,1
67017,1
67018,1
67022,1
67030,1
67147,1
67206,2
67208,1
67226,1
67280,1
67300,1
67358,1
67401,1
67500,1
67502,2
67700,1
67901,1
67956,1
67966,1
68000,1
68007,1
68008,1
68064,1
68066,1
68084,1
68100,2
68118,1
68123,1
68124,1
68127,1
68130,1
68131,2
68132,1
68133,1
68135,1
68136,2
68137,1
68152,1
68154,2
68164,2
68200,1
68202,1
68203,2
68208,1
68231,1
68372,1
68411,1
68454,1
68503,1
68507,1
68510,2
68516,2
68649,1
68803,2
68847,1
69080,1
69126,1
69172,1
69361,1
69501,1
70001,2
70002,9
70003,2
70004,2
70005,3
70006,1
70007,4
70009,2
70010,3
70011,1
70024,1
70056,1
70117,1
70200,1
70272,1
70276,1
70362,1
70372,1
70375,1
70438,1
70448,1
70450,1
70463,1
70474,1
70477,1
70506,1
70582,1
70604,1
70674,1
70676,1
70677,1
70710,1
70791,1
70807,1
70809,1
70819,1
70864,1
71000,1
71001,1
71004,2
71006,3
71007,1
71010,1
71037,1
71069,1
71105,1
71110,1
71176,1
71201,1
71202,1
71203,1
71302,1
71305,1
71310,1
71600,1
71882,1
71909,2
71913,1
71929,1
72019,1
72034,1
72076,1
72112,1
72116,1
72117,1
72212,1
72223,1
72601,1
72631,1
72703,1
72758,1
72802,1
72901,1
73000,2
73002,1
73004,1
73012,2
73013,1
73015,1
73055,1
73140,1
73170,2
73400,2
73521,1
73566,1
73600,1
74006,1
74074,2
74075,1
74080,1
74104,1
74110,1
74114,1
74123,2
74137,7
74600,1
74604,1
74800,1
74840,1
75000,1
75005,1
75007,1
75011,1
75014,2
75016,1
75017,2
75022,2
75024,2
75025,6
75033,2
75048,1
75052,2
75069,1
75070,1
75074,1
75075,4
75077,2
75078,1
75082,1
75087,1
75088,2
75093,5
75098,1
75100,1
75115,1
75116,1
75135,1
75150,1
75169,1
75205,1
75220,1
75229,1
75243,1
75262,1
75287,3
75329,1
75350,1
75446,1
75482,1
75500,2
75503,1
75600,1
75607,1
75703,1
75914,1
76001,1
76005,1
76017,1
76023,1
76034,1
76063,2
76092,1
76100,1
76133,1
76137,1
76179,1
76180,2
76209,2
76226,1
76227,1
76248,2
76262,2
76297,1
76306,1
76310,1
76513,1
76522,1
76543,1
76550,1
76600,1
76712,2
76802,1
76844,1
76901,1
77000,1
77004,1
77006,1
77008,1
77009,1
77015,1
77019,1
77023,1
77025,2
77043,2
77054,1
77057,1
77064,1
77069,1
77070,2
77077,1
77079,2
77084,1
77094,2
77095,2
77096,1
77200,1
77345,2
77379,1
77382,2
77388,2
77414,2
77429,1
77441,1
77449,1
77450,2
77459,2
77479,10
77493,1
77494,3
77511,2
77546,2
77554,1
77566,2
77642,2
77702,1
77802,1
77840,2
78040,1
78041,1
78100,2
78108,1
78148,1
78150,1
78154,1
78155,1
78209,1
78216,3
78232,1
78233,1
78238,1
78240,1
78249,2
78251,1
78259,1
78363,1
78390,1
78400,1
78410,1
78413,1
78504,2
78552,1
78664,1
78665,3
78670,1
78703,1
78717,1
78723,1
78726,1
78729,1
78731,4
78732,1
78735,1
78738,1
78739,1
78746,3
78749,1
78750,2
78753,1
78759,2
78890,1
79000,1
79015,1
79038,1
79121,1
79141,1
79301,1
79336,1
79400,1
79407,1
79705,1
79707,2
79902,1
79925,1
79936,1
79939,1
79969,1
80000,2
80001,1
80002,2
80013,1
80023,2
80111,1
80113,1
80121,2
80122,2
80123,1
80125,1
80127,2
80128,2
80130,2
80132,1
80134,1
80234,1
80241,1
80301,1
80302,2
80303,2
80304,1
80331,1
80333,1
80401,1
80403,1
80470,1
80501,2
80513,1
80525,1
80526,3
80537,1
80538,1
80549,1
80620,1
80672,1
80756,1
80797,1
80798,1
80809,1
80906,1
80908,1
80909,1
80919,1
80989,1
81007,1
81100,1
81101,1
81521,1
81621,1
81746,1
81750,1
81900,2
82205,1
82411,1
82538,1
82602,1
82700,1
83204,2
83237,1
83400,1
83402,2
83404,1
83420,1
83440,2
83642,1
83706,3
83709,1
83712,1
83714,1
83843,1
84000,1
84003,1
84010,2
84025,1
84040,2
84041,1
84088,1
84093,2
84096,1
84097,2
84101,1
84105,1
84106,1
84108,1
84109,1
84117,1
84119,1
84128,1
84152,1
84200,1
84321,1
84341,1
84410,1
84535,1
84600,1
84601,1
84604,2
84651,1
85012,1
85028,1
85044,2
85048,1
85050,1
85083,1
85100,2
85201,1
85204,1
85206,1
85207,1
85226,4
85242,1
85253,4
85255,2
85259,2
85260,1
85284,1
85286,1
85310,1
85320,1
85339,2
85340,2
85356,1
85402,1
85580,1
85718,1
85750,3
85960,1
86001,1
86323,1
86409,1
86512,1
86540,1
87008,1
87015,1
87027,1
87059,1
87107,1
87114,1
87122,1
87144,2
87300,1
87350,1
87505,1
87507,3
87544,5
87714,1
88007,1
88011,2
88045,1
88100,1
88201,1
88220,1
88250,1
89014,1
89052,1
89074,1
89110,2
89115,1
89117,1
89122,1
89129,1
89147,2
89148,1
89507,1
89512,1
89523,1
89701,1
89703,1
90005,1
90007,1
90011,1
90023,1
90026,2
90034,1
90042,1
90045,1
90046,2
90049,1
90064,2
90066,1
90113,1
90200,1
90230,1
90240,2
90242,1
90250,1
90266,3
90274,1
90275,1
90404,1
90502,1
90503,1
90505,1
90602,1
90621,2
90630,1
90631,1
90638,1
90650,1
90703,3
90710,1
90732,1
90740,1
90802,1
90803,1
90808,1
91006,2
91007,1
91010,1
91011,2
91020,1
91021,1
91024,1
91104,1
91105,2
91106,4
91125,1
91126,1
91202,1
91208,1
91214,1
91301,1
91302,3
91304,1
91307,1
91316,1
91320,1
91321,1
91324,1
91325,1
91326,3
91340,1
91354,2
91356,1
91360,1
91361,2
91367,1
91400,1
91405,1
91423,1
91604,1
91607,1
91701,1
91702,1
91709,2
91722,1
91730,2
91732,1
91745,2
91748,2
91757,1
91761,1
91765,1
91780,1
91784,1
91789,3
91791,1
91792,1
91801,1
91849,1
91945,1
92011,2
92014,1
92024,1
92025,1
92029,1
92037,2
92054,1
92064,1
92069,1
92081,1
92100,1
92103,2
92122,2
92127,1
92128,2
92130,1
92138,1
92139,1
92190,1
92203,1
92230,1
92264,2
92307,1
92373,1
92400,1
92557,1
92563,1
92602,2
92603,1
92604,2
92612,1
92614,1
92617,1
92625,1
92627,2
92629,1
92630,3
92647,1
92648,2
92649,2
92660,1
92677,3
92705,1
92780,1
92801,1
92802,1
92821,3
92861,1
92869,1
92870,1
92880,1
92882,1
92883,1
92886,1
93003,1
93012,1
93021,1
93035,1
93041,1
93050,1
93065,1
93108,1
93117,1
93161,1
93300,1
93306,1
93311,2
93350,1
93405,1
93436,1
93442,1
93458,1
93534,2
93551,1
93611,1
93720,1
93927,1
94002,3
94010,1
94022,3
94024,4
94025,2
94030,1
94044,1
94065,1
94085,2
94087,10
94102,1
94107,1
94110,1
94116,1
94118,1
94121,2
94122,1
94127,1
94129,1
94130,1
94131,1
94158,1
94301,1
94303,2
94306,4
94403,1
94404,2
94501,2
94506,1
94507,2
94509,1
94518,1
94530,2
94534,1
94538,2
94539,9
94545,1
94555,3
94556,1
94561,1
94566,3
94568,1
94574,1
94579,1
94582,2
94595,1
94597,2
94598,4
94602,1
94702,1
94703,1
94705,1
94709,1
95014,9
95020,1
95023,1
95030,3
95032,1
95035,1
95037,2
95051,4
95054,2
95070,6
95076,1
95111,1
95120,4
95121,1
95125,1
95126,1
95129,4
95131,1
95132,1
95135,1
95138,3
95148,1
95209,1
95401,2
95403,4
95521,1
95608,2
95616,1
95618,1
95630,1
95650,1
95656,1
95665,1
95746,2
95834,1
95835,1
95926,2
96003,1
96094,1
96258,1
96337,1
96338,1
96362,1
96367,1
96701,1
96716,1
96720,2
96734,2
96753,1
96789,3
96814,1
96822,1
96825,1
96931,2
96932,1
96950,2
97007,2
97008,1
97018,1
97034,1
97035,1
97080,1
97124,2
97211,1
97214,1
97219,2
97221,1
97229,1
97233,1
97239,1
97304,2
97317,1
97330,3
97355,1
97504,1
97530,1
97980,1
98005,2
98006,3
98007,1
98008,3
98012,2
98027,1
98028,1
98029,1
98033,1
98034,1
98036,1
98052,4
98053,1
98056,2
98058,1
98059,2
98072,1
98074,3
98077,3
98103,2
98105,3
98107,1
98109,1
98110,2
98112,1
98115,2
98117,1
98125,2
98258,1
98274,1
98275,1
98338,1
98366,1
98368,1
98371,1
98405,1
98422,1
98439,1
98465,1
98498,1
98580,1
98607,2
98664,1
98665,1
98686,1
98900,1
98903,1
98908,1
98926,1
99005,1
99006,1
99037,1
99163,1
99224,1
99352,1
99354,2
99504,1
99507,2
99508,1
99515,2
99577,1
99611,1
99634,1
99645,1
99702,1
99801,1
99824,1